{
  "version": 1,
  "author": "Shashwat Shukla",
  "editor": "wokwi",
  "parts": [
    { "type": "board-esp32-devkit-c-v4", "id": "esp", "top": 0, "left": 0, "attrs": {} },
    { "type": "wokwi-rgb-led", "id": "rgb1", "top": 4, "left": -133.3, "attrs": {} },
    {
      "type": "wokwi-resistor",
      "id": "r1",
      "top": 100.8,
      "left": -154.15,
      "rotate": 90,
      "attrs": { "value": "1000" }
    },
    {
      "type": "wokwi-resistor",
      "id": "r2",
      "top": 91.2,
      "left": -115.75,
      "rotate": 90,
      "attrs": { "value": "1000" }
    },
    {
      "type": "wokwi-resistor",
      "id": "r3",
      "top": 81.6,
      "left": -86.95,
      "rotate": 90,
      "attrs": { "value": "1000" }
    }
  ],
  "connections": [
    [ "esp:TX", "$serialMonitor:RX", "", [] ],
    [ "esp:RX", "$serialMonitor:TX", "", [] ],
    [ "rgb1:R", "r1:1", "red", [ "v0" ] ],
    [ "rgb1:G", "r2:1", "green", [ "v0" ] ],
    [ "rgb1:B", "r3:1", "blue", [ "v0" ] ],
    [ "rgb1:COM", "esp:GND.1", "black", [ "v0" ] ],
    [ "r1:2", "esp:5", "red", [ "h0" ] ],
    [ "r2:2", "esp:18", "green", [ "h0" ] ],
    [ "r3:2", "esp:19", "blue", [ "h0" ] ]
  ],
  "dependencies": {}
}